{
  "logistic_regression": {
    "mean": 0.8788095238095238,
    "std": 0.11084196426933215,
    "per_fold_scores": [
      0.7083333333333333,
      0.8571428571428571,
      1.0,
      0.8285714285714285,
      1.0
    ]
  },
  "linear_svm": {
    "mean": 0.9371428571428572,
    "std": 0.0775123426642888,
    "per_fold_scores": [
      0.8571428571428571,
      1.0,
      1.0,
      0.8285714285714285,
      1.0
    ]
  },
  "naive_bayes": {
    "mean": 0.8704761904761904,
    "std": 0.12411683472491362,
    "per_fold_scores": [
      0.8571428571428571,
      1.0,
      1.0,
      0.6666666666666666,
      0.8285714285714285
    ]
  }
}